headline,category,source,date
Outcry as Meta lets users make AI images from public Instagram profile pics,Technology,BBC,2026-07-08
Robots available for rent: But what can they do?,Technology,BBC,2026-07-06
"Microsoft cuts 4,800 jobs and shrinks Xbox in 'significant restructure'",Technology,BBC,2026-07-06
Parents warned not to publicly share children’s images amid AI abuse risks,Technology,BBC,2026-07-03
AI is 'not smart' so what's next in artificial intelligence?,Technology,BBC,2026-07-02
Meta glasses wearers hit with paywall to use built-in feature,Technology,BBC,2026-07-02
Google must pay €4.1bn fine for using Android to 'block' rivals,Technology,BBC,2026-07-02
"Don't expect connected car apps to save your stolen car, experts say",Technology,BBC,2026-07-01
PlayStation will stop releasing games on discs in 2028,Technology,BBC,2026-07-01
Wonka Netflix show faces backlash for AI-generated Gene Wilder voice,Technology,BBC,2026-07-01
E-scooters being advertised for commuting despite UK road ban,Technology,BBC,2026-06-30
Why is crucial tech vulnerable to the heat?,Technology,BBC,2026-07-01
WhatsApp to let people chat by swapping usernames instead of phone numbers,Technology,BBC,2026-06-30
Tech Life,Technology,BBC,2026-07-07
Tech Now,Technology,BBC,2026-07-04
Virgin Media fined after hanging up on customers trying to cancel contracts,Business,BBC,2026-07-08
From mouthwash to hair dye: How weight-loss jabs are changing shopping habits,Business,BBC,2026-07-08
Hundreds of jobs at risk as John Lewis plans to cut some services,Business,BBC,2026-07-08
Outcry as Meta lets users make AI images from public Instagram profile pics,Business,BBC,2026-07-08
Trains and emergency calls affected after major outage at Australia's largest telecoms company,Business,BBC,2026-07-08
"Victims of 23andMe data breach to get $47m payout, judge rules",Business,BBC,2026-07-07
Australia dock workers call for 28-hour week in AI talks,Business,BBC,2026-07-08
Airbnb data identifies illegal social home sublets,Business,BBC,2026-07-08
The places where it's cheaper to holiday this summer,Business,BBC,2026-07-08
Severn Trent avoids fine for wastewater failures,Business,BBC,2026-07-08
"Online gamblers betting more than £1,000 to face new checks",Business,BBC,2026-07-07
One million more UK homeowners set  to face higher mortgages,Business,BBC,2026-07-07
Banks accused of pushing customers away from basic accounts,Business,BBC,2026-07-06
Amazon bars breastfeeding boss from business course,Business,BBC,2026-07-06
'I wear it on my middle finger': The rise of the defiant divorce ring,Business,BBC,2026-07-06
"Samsung profits jump 1,800% as AI chip sales soar",Business,BBC,2026-07-07
"Phone contract comparisons 'amounted to mis-selling' student loans, MPs say",Business,BBC,2026-07-06
E-bike injury payouts top £110m and push up insurance premiums,Business,BBC,2026-07-07
Can China repeat its EV success with robotaxis?,Business,BBC,2026-07-06
"Microsoft cuts 4,800 jobs and shrinks Xbox in 'significant restructure'",Business,BBC,2026-07-06
ITV hits such as I'm a Celebrity to stay free to watch after Sky takeover,Business,BBC,2026-07-06
Three things you can do to stop EU border checks at the airport costing you,Business,BBC,2026-07-05
Wegovy weight loss pill now available in UK - here's what you need to know,Business,BBC,2026-07-06
Backlash after China bubble tea firm ordered to pay Louis Vuitton $1.5m,Business,BBC,2026-07-06
Robots available for rent: But what can they do?,Business,BBC,2026-07-06
AI is 'not smart' so what's next in artificial intelligence?,Business,BBC,2026-07-02
Why is crucial tech vulnerable to the heat?,Business,BBC,2026-07-01
The legal fight to get equal pay for Germany's disabled workers,Business,BBC,2026-06-24
Do you know your 'sweat score'? The rise of hydration tech,Business,BBC,2026-06-22
Is Germany looking again at coal-powered electricity?,Business,BBC,2026-06-21
The artificial ice pyramids saving India's mountain villages,Business,BBC,2026-06-18
'We had to get out of the way': The backlash over delivery robots,Business,BBC,2026-06-17
What is Helium-3 and could we get it from the moon?,Business,BBC,2026-06-16
Why I sold my business to my staff,Business,BBC,2026-06-14
India's 'blue gold' starts a new drinks industry,Business,BBC,2026-06-11
New candy stores are popping up across NYC. Why?,Business,BBC,2026-06-10
Could humanoid robots be heading for the battlefield?,Business,BBC,2026-06-08
'You have to say no': Families struggling with holiday food costs,Business,BBC,2026-07-08
Budget Energy announces 9.5% price increase,Business,BBC,2026-07-07
Volunteers racing to save surplus Silverstone food,Business,BBC,2026-07-07
Why Gen Z are planning for life without a state pension,Business,BBC,2026-06-30
The furious dispute over what caused Air India flight 171 to crash,Business,BBC,2026-06-10
How the High Street became a window on our political instability,Business,BBC,2026-06-07
The £5 coffee that tells a story of global economic turmoil,Business,BBC,2026-05-28
The threat to summer holidays looming from jet fuel shortages,Business,BBC,2026-05-03
How to find lost bank accounts,Business,BBC,2026-07-08
People Fixing The World,Business,BBC,2026-07-07
Shoppers hit by hidden fees,Business,BBC,2026-07-06
Consumer Fight Back,Business,BBC,2026-07-04
Egypt want officials from Argentina match kicked out of World Cup,Sports,BBC,2026-07-08
Has World Cup signalled end of chaos at corners?,Sports,BBC,2026-07-08
Beaumont to retire from international cricket,Sports,BBC,2026-07-08
Fury v Joshua could be held overnight at Wembley,Sports,BBC,2026-07-08
'Your boys took a hell of a beating' - England and Norway's football rivalry,Sports,BBC,2026-07-08
How British wildcard Fery can keep his Wimbledon run going,Sports,BBC,2026-07-08
A striker duel for the ages & Qatar revenge - what to expect in quarter-finals,Sports,BBC,2026-07-08
'All-court' Janse van Rensburg backed to make Test impact,Sports,BBC,2026-07-08
Who is Arthur Fery? - Meet GB's Wimbledon wildcard hoping to go all the way,Sports,BBC,2026-07-07
Why Newcastle target Manzambi is in demand,Sports,BBC,2026-07-08
Masterful Cleary stars as NSW win Origin decider,Sports,BBC,2026-07-08
England enjoy stunning victory as India fall to record T20 defeat,Sports,BBC,2026-07-07
Djokovic beats Auger-Aliassime in five-set thriller to reach semi-finals,Sports,BBC,2026-07-07
Watch every penalty from Switzerland v Colombia shootout,Sports,BBC,2026-07-08
Argentina make incredible late comeback to beat Egypt,Sports,BBC,2026-07-07
Switzerland beat Colombia on penalties to reach quarter-finals,Sports,BBC,2026-07-08
Unusual or predictable? How Europe is dominating the World Cup,Sports,BBC,2026-07-08
Goals galore - how dominant is Premier League at World Cup?,Sports,BBC,2026-07-08
Dalic leaves as Croatia coach after nine years,Sports,BBC,2026-07-08
Dallas Cowboys player who died by suicide diagnosed with brain disease,Sports,BBC,2026-07-08
Rogers is Arsenal's main target - Wednesday's gossip,Sports,BBC,2026-07-07
Fulham appoint Arbeloa as Silva's successor,Sports,BBC,2026-07-07
Meet Sweden's top scorer who hopes to play for Scotland,Sports,BBC,2026-07-08
Egypt fume at 'injustice' and make Messi favouritism claims after exit,Sports,BBC,2026-07-07
England on course to face Argentina in semis? See their path to final,Sports,BBC,2026-07-07
The World Cup stars who could have played for England,Sports,BBC,2026-07-08
Tears of relief? Messi adds another incredible chapter to World Cup career,Sports,BBC,2026-07-07
Meet the duo visiting all 16 World Cup venues in a London cab,Sports,BBC,2026-07-08
Quiz: Name all Britain's Wimbledon singles quarter-finalists,Sports,BBC,2026-07-08
'It is not normal' - but extraordinary Djokovic defies odds once again,Sports,BBC,2026-07-07
Who are the Wimbledon record-holders?,Sports,BBC,2026-07-08
'How?!' - Gauff battles into first Wimbledon semi-final,Sports,BBC,2026-07-07
'To me! To you!' - England's comical fielding error,Sports,BBC,2026-07-07
VAR controversially rules out Egypt goal,Sports,BBC,2026-07-07
'They've been hammered' - Rashid wicket inflicts record loss on India,Sports,BBC,2026-07-07
How close is that? - Buttler removes Varma with fingertip stumping,Sports,BBC,2026-07-07
Fernandez header seals dramatic Argentina comeback,Sports,BBC,2026-07-07
Superb England inflict record T20 defeat on India,Sports,BBC,2026-07-07
Shades of Keane and Gerrard in Bellingham display - Rooney,Sports,BBC,2026-07-07
Arsenal sign Switzerland midfielder Reuteler,Sports,BBC,2026-07-08
Who am I? Guess World Cup star No 31,Sports,BBC,2026-07-08
GB's Rutter wins bronze on return after birth of son,Sports,BBC,2026-07-08
A shambolic end for the American dream - did Balogun saga play part?,Sports,BBC,2026-07-07
Russia could compete at LA 2028 Olympics,Sports,BBC,2026-07-07
Springboks will provide rising Scots with true yardstick,Sports,BBC,2026-07-07
Fifa investigating alleged racist abuse of IShowSpeed,Sports,BBC,2026-07-07
Villa & Belgium's Onana ruptures ACL on World Cup duty,Sports,BBC,2026-07-07
Inside Liverpool's pre-season plans as Iraola starts work,Sports,BBC,2026-07-07
Safety car finish and Verstappen's future - F1 Q&A,Sports,BBC,2026-07-07
Wrexham to 'hold nerve' in transfer window - Parkinson,Sports,BBC,2026-07-08
"Community, connection & sport - GAA growth in Europe",Sports,BBC,2026-07-08
'That's bragging rights for Jofra' - Archer removes Sooryavanshi,Sports,BBC,2026-07-07
'Hogwarts stuff' - best shots from day nine at Wimbledon,Sports,BBC,2026-07-07
Messi rescues Argentina with equaliser against Egypt,Sports,BBC,2026-07-07
Salt shines in the sun at Trent Bridge to help England reach 200,Sports,BBC,2026-07-07
India take two quick wickets as Sooryavanshi takes brilliant catch,Sports,BBC,2026-07-07
'Learn how to lose' - tempers flare in Wimbledon mixed doubles,Sports,BBC,2026-07-06
How 'comeback queen' Gauff reached Wimbledon last four,Sports,BBC,2026-07-07
Belgium make light work of US to set up quarter-final tie with Spain,Sports,BBC,2026-07-07
A love triangle forms between three tennis players,Sports,BBC,2026-06-28
Rivals: Messi v Ronaldo,Sports,BBC,2026-06-05
Desmond Armstrong: America's World Cup Pioneer,Sports,BBC,2026-06-06
From the Paris suburbs to the pinnacle of football,Sports,BBC,2026-06-25
Find out more here,Sports,BBC,2026-06-08
Why did England’s 2006 World Cup dream end in agony?,Sports,BBC,2026-05-11
The superstar double act that became England's Wonderwall,Sports,BBC,2026-07-07
Why do we see empty seats at Wimbledon's show courts?,Sports,BBC,2026-07-07
Ronaldo's World Cup career ends in tears as 'pandering' Martinez departs,Sports,BBC,2026-07-06
Why European backlash over Trump intervention won't worry Infantino,Sports,BBC,2026-07-07
Spain's World Cup challenge built on record-breaking historic defence,Sports,BBC,2026-07-06
An incredible night when England heroes were made,Sports,BBC,2026-07-06
The personal story of a dad who took his autistic son to the British Grand Prix,Sports,BBC,2026-07-06
The man who invented a sport and played tennis with Willy Wonka,Sports,BBC,2026-07-07
How Cornish miners brought football to Mexico,Sports,BBC,2026-06-02
In spotlight but shunning limelight - Olise's unique rise to top,Sports,BBC,2026-07-04
Farage's rivals rule out standing in Clacton by-election,Politics,BBC,2026-07-08
Chris Mason: It's far from certain whether by-election will strengthen Farage,Politics,BBC,2026-07-08
Nato allies announce £37bn for new missile project,Politics,BBC,2026-07-08
Why has Farage resigned and what happens next?,Politics,BBC,2026-07-07
How the leasehold revolution could transform neighbourly relations,Politics,BBC,2026-07-07
What do Farage's constituents think about his resignation?,Politics,BBC,2026-07-07
Reform asks NCA to investigate leaks of private financial information,Politics,BBC,2026-07-07
"Next PM needs to wake UK up to threat of war, ex-Nato chief warns",Politics,BBC,2026-07-07
Emma Little-Pengelly says she was 'shocked and revolted' by Donaldson revelations,Politics,BBC,2026-07-07
PM intervened in row over Mexico-England kick-off time,Politics,BBC,2026-07-06
"Treasury sees defence as a drain not a driver for growth, says Healey",Politics,BBC,2026-07-06
"Burnham provided 'error-filled' article about devolution, says WalesOnline",Politics,BBC,2026-07-06
Grooming gang leader 'could still be deported',Politics,BBC,2026-07-06
Tributes to veteran MP and minister Sir George Howarth,Politics,BBC,2026-07-06
"Overseas voters moving to UK could face £100,000 donations cap for year",Politics,BBC,2026-07-06
"Police leadership needs fundamental overhaul, review finds",Politics,BBC,2026-07-06
Police inquiry into Yes Scotland campaign's 'missing £1.5m' claim,Politics,BBC,2026-07-07
Polanski says he will pay any council tax owed linked to houseboat,Politics,BBC,2026-07-05
Burnham rules out calling early election as PM,Politics,BBC,2026-07-03
"Police leadership needs 'ethical reset', Lord Blunkett tells BBC",Politics,BBC,2026-07-04
Labour MPs seek cap on political donations,Politics,BBC,2026-07-03
Labour general secretary to stand down after party conference,Politics,BBC,2026-07-03
Culture secretary quits X in protest at 'misinformation',Politics,BBC,2026-07-03
UK in talks with Pakistan about deporting grooming gang leader,Politics,BBC,2026-07-03
Burnham says there is some room for movement on tax,Politics,BBC,2026-07-03
"Labour failed to prepare for power, admits PM's former top aide",Politics,BBC,2026-07-02
Starmer tells of 'intensely personal' decision to quit and warns Burnham in first interview since resigning,Politics,BBC,2026-07-03
The massive scramble behind the scenes before the new PM arrives,Politics,BBC,2026-07-04
'Posh George': Who is aristocrat and convicted criminal at heart of Farage controversy?,Politics,BBC,2026-07-07
What are Andy Burnham's potential policies for No 10?,Politics,BBC,2026-06-29
Who could be the UK's next chancellor?,Politics,BBC,2026-06-26
Burnham's people: MPs and advisers in line for a job if he gains power,Politics,BBC,2026-06-24
Who is Andy Burnham? Ex-Manchester mayor who wants to lead the country,Politics,BBC,2026-06-22
Is Andy Burnham facing a £5bn defence 'black hole'?,Politics,BBC,2026-07-01
Why Starmer's defence plan leaves next PM with £4.7bn headache,Politics,BBC,2026-07-01
Will Starmer's plan for defence help UK hit Nato's spending target?,Politics,BBC,2026-06-30
"Burnham's 'Manchesterism' could change the UK, but is not yet a full economic plan",Politics,BBC,2026-06-29
Will Andy Burnham's devolution plan raise economic growth?,Politics,BBC,2026-06-29
Frank Gardner: Key points from government's defence spending plan,Politics,BBC,2026-06-30
"Who is Andy Burnham's wife, Marie-France van Heel?",Politics,BBC,2026-06-24
The people and places that helped Andy Burnham find self-belief,Politics,BBC,2026-06-29
The economic challenges facing the next prime minister,Politics,BBC,2026-06-23
"Ten years on, Brexit's economic impact is becoming clearer",Politics,BBC,2026-06-23
Why did Keir Starmer resign and what could happen next?,Politics,BBC,2026-06-22
Why candidates dress up to run in major UK elections,Politics,BBC,2026-06-19
Sir Keir Starmer's premiership in six charts,Politics,BBC,2026-06-22
Prime Minister Keir Starmer's resignation speech in full,Politics,BBC,2026-06-22
Sir Keir Starmer: Top lawyer whose 'Mr Rules' approach failed to connect with the public,Politics,BBC,2026-06-22
'Hillsborough Law could be Starmer's legacy',Politics,BBC,2026-06-23
Keir Starmer - then and now,Politics,BBC,2026-06-22
Chris Mason: Farage attempts to seize back the agenda after finance row,Politics,BBC,2026-07-07
Chris Mason: Accusations around Farage leave him looking vulnerable to his rivals,Politics,BBC,2026-07-06
Chris Mason: Starmer's defence plan leaves crunching trade‑offs for Burnham to confront,Politics,BBC,2026-07-01
Watch: Clacton's mixed views on Farage's resignation,Politics,BBC,2026-07-07
Nigel Farage resigns to trigger by-election in which he will stand,Politics,BBC,2026-07-07
Watch: Farage resigns to trigger by-election he will stand in,Politics,BBC,2026-07-07
Nigel Farage denies wrongdoing over unclaimed benefits,Politics,BBC,2026-07-06
Political Thinking with Nick Robinson,Politics,BBC,2026-07-02
